facet,group,A,H,N,G,V,growthH,MAIh,growthG,MAIg,growthVt,MAIv,Dq,Dn,Dx,a,b,c,si,vtotal,vdlu_6cm,vdlu_8cm,vdlu_12cm,vdlu_16cm,vdlu_0cm
g2,5364,9.5036,12,825,12.46,49.85010681,0,1.262679406,0,1.32268954,0,5.291831045,13.86714658,10.22355553,20.21109055,10.22355553,4.105999077,2.51331838,23.73871793,49.85010681,49.40428225,46.37722928,31.61723279,8.437216547,49.85010681
g2,5364,10,12.68417739,821.9288067,15.09527559,62.85475917,0.684177391,1.268417739,2.63527559,1.509527559,13.00465235,6.285475917,15.2917955,11.40793576,21.21312541,11.40793576,4.376734568,2.513901734,23.73871793,62.85475917,62.73942742,59.82234088,44.64177232,19.46627521,62.85475917
g2,5364,11,14.02877097,815.8401901,18.34284834,84.18965358,1.344593577,1.275342815,3.247572747,1.667531667,21.33489442,7.653604871,16.91943666,12.63443255,22.94686007,12.63443255,4.829757976,2.49353604,23.73871793,84.18965358,83.66603489,80.71868524,63.92788124,35.18973685,84.18965358
g2,5364,12,15.32429223,809.8911402,21.41381211,106.7079889,1.295521264,1.277024353,3.070963769,1.784484342,22.51833532,8.892332409,18.3479999,13.71126281,24.52850413,13.71126281,5.227342482,2.470621727,23.73871793,106.7079889,105.9597152,102.7688789,84.31543184,52.71367339,106.7079889
g2,5364,13,16.56737,804.0883546,24.27931202,130.5025792,1.243077765,1.274413077,2.865499911,1.867639386,23.79459028,10.03865994,19.60746106,14.66021168,25.95851462,14.66021168,5.57865242,2.445816909,23.73871793,130.5025792,129.3573652,125.7741625,105.8914632,71.66764501,130.5025792
g2,5364,14,17.75599631,798.4357423,26.92790272,155.5690239,1.188626311,1.268285451,2.648590705,1.923421623,25.06644467,11.11207313,20.72222282,15.49927826,27.24005622,15.49927826,5.890838435,2.419644837,23.73871793,155.5690239,153.6321591,149.7654697,128.523224,91.70651813,155.5690239
g2,5364,15,18.88921971,792.9350804,29.35814558,181.8657425,1.133223405,1.259281314,2.430242858,1.957209705,26.29671867,12.12438283,21.71203614,16.24312603,28.37799379,16.24312603,6.169572006,2.392514192,23.73871793,181.8657425,179.2735846,174.9142723,151.8730259,112.4627507,181.8657425
g2,5364,16,19.96690628,787.5865096,31.57475238,208.9773604,1.077686571,1.247931643,2.216606799,1.973422024,27.11161789,13.06108503,22.59310401,16.90385008,29.37838214,16.90385008,6.419425992,2.364745422,23.73871793,208.9773604,205.6476209,200.5416405,175.7622718,133.7603934,208.9773604
g2,5364,17,20.98955162,782.388915,33.58632507,235.573622,1.022645338,1.234679507,2.011572693,1.975666181,26.59626158,13.85727188,23.37894765,17.49160548,30.24812621,17.49160548,6.644143135,2.336591934,23.73871793,235.573622,231.4597244,225.6399041,199.2310748,154.9269746,235.573622
g2,5364,18,21.95813194,777.3402208,35.40389546,262.0328402,0.968580317,1.219896219,1.817570388,1.966883081,26.45921821,14.55738001,24.08102755,18.0150584,30.99471209,18.0150584,6.84682753,2.308255589,23.73871793,262.0328402,257.1562407,250.5240259,222.4485301,175.8060413,262.0328402
g2,5364,19,22.8739855,772.4376218,37.03992015,287.7512125,0.915853559,1.203893974,1.636024694,1.949469482,25.71837235,15.14480066,24.70918217,18.48170147,31.6259806,18.48170147,7.030083463,2.279897889,23.73871793,287.7512125,282.1359956,274.8077495,244.9818723,196.178871,287.7512125
g2,5364,20,23.73871793,767.6777663,38.50756584,312.4341526,0.86473243,1.186935896,1.467645686,1.925378292,24.68294009,15.62170763,25.27194172,18.8980762,32.14993577,18.8980762,7.196117928,2.251648189,23.73871793,312.4341526,306.1456957,298.0187665,266.735413,216.0059531,312.4341526
g2,5364,21,24.55412648,763.0569005,39.82019557,335.8506924,0.81540855,1.169244118,1.312629732,1.896199789,23.41653976,15.99289011,25.77675784,19.26993405,32.57458562,19.26993405,7.346817681,2.223609862,23.73871793,335.8506924,328.9965104,320.2705518,287.6643237,235.2501688,335.8506924
g2,5364,22,25.32213942,758.5709845,40.99100155,358.1064536,0.768012946,1.151006337,1.170805977,1.863227343,22.25576124,16.27756607,26.23017637,19.60235655,32.90781322,19.60235655,7.483808094,2.19586506,23.73871793,358.1064536,350.7512537,341.4787479,307.610807,253.6171941,358.1064536
g2,5364,23,26.04476766,754.2157842,42.03274759,379.5790228,0.722628233,1.132381202,1.041746046,1.827510765,21.47256917,16.50343577,26.63797093,19.89984803,33.15727567,19.89984803,7.608498801,2.168478471,23.73871793,379.5790228,371.7916208,362.0364818,327.0454776,271.6087159,379.5790228
g2,5364,24,26.72406612,749.9869456,42.95759476,399.6873515,0.679298462,1.113502755,0.924847167,1.789899782,20.10832868,16.65363965,27.00524898,20.16640945,33.33032775,20.16640945,7.722119583,2.141500342,23.73871793,399.6873515,391.4996323,381.3835682,345.4179679,288.6786108,399.6873515
g2,5364,25,27.36210323,745.880053,43.77699006,418.3891979,0.638037107,1.094484129,0.819395297,1.751079602,18.70184644,16.73556792,27.33653792,20.40559885,33.43396727,20.40559885,7.825748932,2.114968952,23.73871793,418.3891979,409.9031192,399.4165014,362.5666882,304.6377955,418.3891979
g2,5364,26,27.96093679,741.8906767,44.50160289,435.7290267,0.598833567,1.075420646,0.724612833,1.711600111,17.33982873,16.75880872,27.63585655,20.62058198,33.47479857,20.62058198,7.920337057,2.088912654,23.73871793,435.7290267,426.9897492,416.233593,378.5184121,319.4441248,435.7290267
g2,5364,27,28.52259524,738.0144103,45.14129721,451.7692005,0.561658451,1.056392416,0.639694315,1.671899897,16.04017379,16.73219261,27.90677532,20.8141757,33.45901135,20.8141757,8.006724598,2.063351578,23.73871793,451.7692005,442.8297393,431.8383452,393.3756985,333.3000083,451.7692005
g2,5364,28,29.04906314,734.2468999,45.70512995,466.6547481,0.526467898,1.037466541,0.563832744,1.63232607,14.88554766,16.666241,28.15246794,20.98888557,33.39237161,20.98888557,8.085658002,2.038299061,23.73871793,466.6547481,457.6040349,446.4575682,407.4725693,346.5839834,466.6547481
g2,5364,29,29.54227024,730.5838675,46.20136851,480.2633048,0.493207095,1.018698974,0.496238561,1.593150638,13.60855664,16.56080361,28.37575595,21.14693894,33.28022243,21.14693894,8.157802267,2.013762839,23.73871793,480.2633048,471.0187001,459.6527268,419.9952023,358.2045718,480.2633048
g2,5364,30,30.00408338,727.0211288,46.63752144,496.3330034,0.461813144,1.000136113,0.436152926,1.554584048,16.0696986,16.54443345,28.57914776,21.29031426,33.12749214,21.29031426,8.223751587,1.989746067,23.73871793,496.3330034,486.8594839,475.1920165,434.6080514,371.3982715,496.3330034
g2,5365,9.5036,12.33,850,11.45,47.62897164,0,1.297403089,0,1.215473132,0,5.056046754,13.0962917,9.54927658,19.54376124,9.54927658,3.998287125,2.484722372,24.39153267,47.62897164,46.83784584,42.88185265,26.20251049,4.540262619,47.62897164
g2,5365,10,13.03299227,846.8175812,14.1043876,60.91444195,0.702992269,1.303299227,2.654387598,1.41043876,13.28547031,6.091444195,14.56254376,10.77372561,20.53433023,10.77372561,4.270795854,2.48614208,24.39153267,60.91444195,60.20945989,56.70926022,39.62517928,12.88104113,60.91444195
g2,5365,11,14.41456217,840.5083663,17.38710873,82.3470715,1.3815699,1.310414743,3.282721129,1.580646248,21.43262955,7.486097409,16.22922286,12.03782063,22.23455409,12.03782063,4.725445185,2.46689943,24.39153267,82.3470715,81.77937056,77.83784553,58.72432891,27.75100138,82.3470715
g2,5365,12,15.74571027,834.3436518,20.49746798,105.6579607,1.331148099,1.312142522,3.110359252,1.708122332,23.31088923,8.804830061,17.68612478,13.14194444,23.78416133,13.14194444,5.124181173,2.444916317,24.39153267,105.6579607,104.4199347,100.3584724,79.60705488,45.28445937,105.6579607
g2,5365,13,17.02297267,828.3303852,23.40211719,130.407035,1.277262404,1.309459436,2.90464921,1.800162861,24.74907425,10.03131038,18.96622236,14.11076866,25.18393219,14.11076866,5.476297315,2.420909205,24.39153267,130.407035,128.7162461,124.0907129,101.755639,64.54722963,130.407035
g2,5365,14,18.24428621,822.4726247,26.08786984,156.2734617,1.221313534,1.3031633,2.685752652,1.863419274,25.86642675,11.16239012,20.09618606,14.96447654,26.43740772,14.96447654,5.789041824,2.395444696,24.39153267,156.2734617,153.9553616,148.9727089,124.8231155,84.83231393,156.2734617
g2,5365,15,19.40867326,816.7722195,28.5526318,183.7202412,1.164387049,1.29391155,2.464761956,1.903508786,27.44677945,12.24801608,21.09733761,15.71924438,27.54972306,15.71924438,6.0681542,2.368960106,24.39153267,183.7202412,180.3779096,174.8468299,148.9556244,106.0421023,183.7202412
g2,5365,16,20.51599621,811.229323,30.80091427,211.284934,1.107322951,1.282249763,2.248282473,1.925057142,27.56469279,13.20530837,21.98695275,16.38820047,28.52708607,16.38820047,6.318254309,2.341794145,24.39153267,211.284934,207.1143793,200.7942746,173.1700879,127.6453781,211.284934
g2,5365,17,21.56676429,805.8427871,32.84132378,239.1009018,1.050768084,1.268633194,2.040409508,1.931842575,27.81596782,14.06475893,22.77929217,16.98221209,29.37645885,16.98221209,6.543117834,2.314211745,24.39153267,239.1009018,234.0590242,227.0254418,197.4307631,149.313065,239.1009018
g2,5365,18,22.56198057,800.6104682,34.68499534,266.7276211,0.995216275,1.253443365,1.843671564,1.926944186,27.62671928,14.81820117,23.48633479,17.51044472,30.10531286,17.51044472,6.745872442,2.286422011,24.39153267,266.7276211,260.7158058,252.754361,221.1883121,170.4044152,266.7276211
g2,5365,19,23.5030201,795.5294661,36.3445378,293.2795596,0.941039532,1.237001058,1.659542455,1.91287041,26.55193855,15.4357663,24.11828924,17.98074747,30.72142262,17.98074747,6.929139663,2.258590999,24.39153267,293.2795596,286.4673714,277.660343,244.3941841,191.3018576,293.2795596
g2,5365,20,24.39153267,790.5963141,37.83329361,318.6046456,0.888512572,1.219576634,1.48875581,1.89166468,25.32508599,15.93023228,24.68395478,18.39992102,31.23268977,18.39992102,7.09513938,2.23085091,24.39153267,318.6046456,311.082159,301.6017318,266.8565192,211.8333183,318.6046456
g2,5365,21,25.22936496,785.8071284,39.16481093,342.5746733,0.837832285,1.201398331,1.33151733,1.864990997,23.97002769,16.31307968,25.19098182,18.77390824,31.6469958,18.77390824,7.245768171,2.2033069,24.39153267,342.5746733,334.4688854,324.4063429,288.2737965,231.506868,342.5746733
g2,5365,22,26.01849826,781.1577283,40.35246794,365.3376184,0.789133302,1.182659012,1.187657003,1.834203088,22.76294512,16.60625538,25.64606526,19.10793425,31.97208223,19.10793425,7.382659022,2.176042237,24.39153267,365.3376184,356.7435937,346.1702436,308.8566937,250.5411142,365.3376184
g2,5365,23,26.76099877,776.6437317,41.40920996,387.383192,0.74250051,1.163521686,1.056742025,1.800400433,22.04557364,16.84274748,26.055092,19.40661247,32.2154563,19.40661247,7.507227558,2.149122313,24.39153267,387.383192,378.3664801,367.3242665,328.9180598,269.1065281,387.383192
g2,5365,24,27.45897794,772.2606313,42.34737185,407.9616321,0.697979169,1.144124081,0.938161891,1.764473827,20.57844004,16.99840134,26.42325663,19.67402777,32.38431987,19.67402777,7.62070834,2.122597841,24.39153267,407.9616321,398.6073853,387.1523924,347.7780226,286.5754153,407.9616321
g2,5365,25,28.11456107,768.0038562,43.17856466,427.0644442,0.655583128,1.124582443,0.83119281,1.727142587,19.10281216,17.08257777,26.75515429,19.91380344,32.4855185,19.91380344,7.724183718,2.096507424,24.39153267,427.0644442,417.4151644,405.6193171,365.2854627,302.7956539,427.0644442
g2,5365,26,28.72986256,763.8688203,43.91361095,444.777271,0.61530149,1.104994714,0.735046289,1.688985037,17.71282673,17.10681811,27.05485699,20.12915649,32.52550781,20.12915649,7.818607041,2.070879667,24.39153267,444.777271,434.8724224,422.839021,381.6300093,317.9817793,444.777271
g2,5365,27,29.30696661,759.850961,44.5625164,461.1094393,0.577104059,1.085443208,0.648905451,1.650463571,16.33216835,17.07812738,27.32597737,20.32294436,32.51033424,20.32294436,7.90482153,2.045734922,24.39153267,461.1094393,450.9463336,438.5922264,396.5250916,331.7318459,461.1094393
g2,5365,28,29.84791238,755.9457704,45.13446819,479.9071175,0.540945765,1.065996871,0.571951788,1.611945293,18.79767818,17.13953991,27.57172279,20.4977051,32.44562735,20.4977051,7.983575768,2.021086736,24.39153267,479.9071175,469.4901571,456.8231599,413.6822942,347.2473543,479.9071175
g2,5365,29,30.35468267,752.1488183,45.63785263,493.8352017,0.50677029,1.046713195,0.503384442,1.573719056,13.92808421,17.02880006,27.79494195,20.65569216,32.33660147,20.65569216,8.055536529,1.996943068,24.39153267,493.8352017,483.3411263,470.5467665,426.9417026,359.691922,493.8352017
g2,5365,30,30.82919567,748.4557718,46.08028632,506.6616189,0.474513005,1.027639856,0.442433687,1.536009544,12.82641715,16.88872063,27.99816527,20.7989052,32.18806434,20.7989052,8.121299494,1.973307304,24.39153267,506.6616189,496.1200439,483.2253671,439.2698709,371.3026038,506.6616189
g2,5366,9.5036,12.21,801,11.25,46.29577097,0,1.284776295,0,1.19424216,0,4.914521026,13.37257562,9.842105609,19.73087991,9.842105609,3.978951142,2.502490117,24.15414549,46.29577097,45.64718282,42.15760028,26.82196509,5.170616089,46.29577097
g2,5366,10,12.9061505,797.968611,13.88205771,59.3833589,0.696150496,1.29061505,2.632057711,1.388205771,13.08758793,5.93833589,14.88295189,11.10905156,20.75410701,11.10905156,4.253200686,2.504965536,24.15414549,59.3833589,59.057211,55.78868572,40.06647446,15.1237038,59.3833589
g2,5366,11,14.27427446,791.9595616,17.14140905,80.17676132,1.368123965,1.297661315,3.259351343,1.558309914,20.79340241,7.288796483,16.60071583,12.4223474,22.50161449,12.4223474,4.709880381,2.486600959,24.15414549,80.17676132,79.84641464,76.32552993,59.05320177,30.21092492,80.17676132
g2,5366,12,15.59246735,786.0891069,20.23241843,103.0440106,1.318192887,1.299372279,3.091009379,1.686034869,22.86724932,8.587000886,18.10268812,13.56987938,24.09731788,13.56987938,5.110427867,2.465272245,24.15414549,103.0440106,102.1197509,98.49797171,79.74649887,48.08414448,103.0440106
g2,5366,13,16.85729897,780.3638066,23.12034109,127.3357648,1.264831626,1.296715306,2.88792266,1.778487776,24.29175417,9.795058831,19.4224324,14.57688813,25.54114569,14.57688813,5.464161603,2.441724807,24.15414549,127.3357648,125.9727823,122.1005957,101.7337222,67.34026331,127.3357648
g2,5366,14,18.06672624,774.7874661,25.79129047,152.7009774,1.209427271,1.290480446,2.670949379,1.842235034,25.36521255,10.90721267,20.5873431,15.46425417,26.83613642,15.46425417,5.778358787,2.416556536,24.15414549,152.7009774,150.5240753,146.3598531,124.630743,87.67243759,152.7009774
g2,5366,15,19.21978106,769.3617862,28.24280524,179.5103677,1.153054815,1.281318737,2.451514769,1.882853683,26.80939032,11.96735784,21.61940161,16.24878912,27.98712084,16.24878912,6.058784474,2.390232845,24.15414549,179.5103677,176.6512633,172.0884041,148.5198134,108.9173795,179.5103677
g2,5366,16,20.31632714,764.086853,30.47918268,206.2565889,1.096546085,1.269770447,2.236377438,1.904948918,26.74622127,12.89103681,22.53644213,16.94415914,29.00013212,16.94415914,6.310079518,2.363116392,24.15414549,206.2565889,202.6676323,197.2940899,172.2318221,130.3048826,206.2565889
g2,5366,17,21.35686878,758.961515,32.50888566,233.4856631,1.040541631,1.256286399,2.029702981,1.912287392,27.22907415,13.73445077,23.35319058,17.56167958,29.88205199,17.56167958,6.536036565,2.335492215,24.15414549,233.4856631,229.0815113,222.9725462,196.2416484,151.9583245,233.4856631
g2,5366,18,22.34239925,753.9836742,34.34293837,260.3054967,0.985530472,1.241244403,1.834052705,1.90794102,26.81983359,14.46141648,24.08201449,18.11089021,30.64034375,18.11089021,6.739797036,2.30758626,24.15414549,260.3054967,255.1424199,248.2295224,219.8815213,173.3223389,260.3054967
g2,5366,19,23.27428024,749.1505151,35.99385491,286.5481513,0.931880997,1.224962118,1.650916544,1.894413416,26.24265465,15.08148165,24.73344999,18.59995555,31.28282976,18.59995555,6.923993734,2.279578689,24.15414549,286.5481513,280.5944845,272.8534741,242.7312864,193.9170677,286.5481513
g2,5366,20,24.15414549,744.4586854,37.47489192,311.4143971,0.879865247,1.207707275,1.481037012,1.873744596,24.86624574,15.57071985,25.31657513,19.0359448,31.81750256,19.0359448,7.090855894,2.251613545,24.15414549,311.4143971,304.8435385,296.4605721,264.9441904,214.3299349,311.4143971
g2,5366,21,24.98382369,739.9044387,38.79951766,335.009829,0.8296782,1.18970589,1.324625735,1.847596079,23.5954319,15.952849,25.83927989,19.42503155,32.25236657,19.42503155,7.242287945,2.223805921,24.15414549,335.009829,327.9261123,318.9924282,286.2485285,234.0496788,335.009829
g2,5366,22,25.76527686,735.4837491,39.9810352,357.2567591,0.781453173,1.171148948,1.181517545,1.817319782,22.24693014,16.2389436,26.30846662,19.77264071,32.59530908,19.77264071,7.37992954,2.196247427,24.15414549,357.2567591,349.7028991,340.2482748,306.2893232,252.5729768,357.2567591
g2,5366,23,26.50055109,731.1924017,41.03231939,378.3038095,0.735274227,1.152197874,1.051284185,1.784013886,21.04705039,16.44799172,26.73020305,20.08355987,32.85399822,20.08355987,7.505202026,2.169010452,24.15414549,378.3038095,370.3529235,360.5401583,325.6367734,270.6766457,378.3038095
g2,5366,24,27.19173728,727.0260658,41.96563908,398.4548292,0.691186185,1.132989053,0.933319689,1.748568295,20.15101966,16.60228455,27.10984216,20.36202649,33.03580547,20.36202649,7.61934491,2.14215156,24.15414549,398.4548292,390.1677581,379.9412418,344.0810522,287.8048644,398.4548292
g2,5366,25,27.84094003,722.9803528,42.79254393,417.2318884,0.649202757,1.113637601,0.826904851,1.711701757,18.77705927,16.68927554,27.45211846,20.61179803,33.14774959,20.61179803,7.723444852,2.11571424,24.15414549,417.2318884,408.684467,398.1820314,361.4399941,303.9775255,417.2318884
g2,5366,26,28.45025319,719.0508625,43.5237997,434.6226104,0.609313155,1.094240507,0.731255777,1.673992296,17.39072192,16.71625424,27.76122686,20.83620989,33.19645897,20.83620989,7.818458979,2.089731162,24.15414549,434.6226104,425.8679395,415.1165023,377.5833773,319.0521164,434.6226104
g2,5366,27,29.02174066,715.2332202,44.16935985,450.7972418,0.571487474,1.074879284,0.645560145,1.635902217,16.17463141,16.69619414,28.04088866,21.03822418,33.18814917,21.03822418,7.905233842,2.064226042,24.15414549,450.7972418,441.9362088,431.0337842,392.9766701,333.6042708,450.7972418
g2,5366,28,29.55742175,711.5231051,44.73836374,469.3668983,0.535681086,1.055622205,0.56900389,1.597798705,18.56965652,16.76310351,28.29440748,21.22047163,33.12861301,21.22047163,7.984520969,2.039215203,24.15414549,469.3668983,460.2349064,448.9812739,409.7870201,348.8281654,469.3668983
g2,5366,29,30.05925997,707.9162737,45.23915417,483.002426,0.501838219,1.036526206,0.500790429,1.559970833,13.63552774,16.65525607,28.52471733,21.38528789,33.02322046,21.38528789,8.056989748,2.01470888,24.15414549,483.002426,473.7060691,462.2634883,422.5311694,360.7099471,483.002426
g2,5366,30,30.52915484,704.4085766,45.67930827,495.5751656,0.469894874,1.017638495,0.440154102,1.522643609,12.57273956,16.51917219,28.73442435,21.5347455,32.87692623,21.5347455,8.123238187,1.990712308,24.15414549,495.5751656,486.191682,474.6188982,434.4461286,371.9391912,495.5751656
g1,8015,9.5036,11.56,1275,15.76,60.02438724,0,1.216381161,0,1.673000573,0,6.371880347,12.54521398,8.547049042,19.59604867,8.547049042,4.51036028,2.393650959,22.86829827,60.02438724,59.03095296,54.38393899,33.0681868,5.705844996,60.02438724
g1,8015,10,12.21909089,1270.923142,18.39559165,73.65717793,0.659090887,1.221909089,2.635591645,1.839559165,13.63279069,7.365717793,13.57538939,9.351503934,20.36318269,9.351503934,4.765259829,2.386274255,22.86829827,73.65717793,72.96152536,68.00583949,45.16429974,12.34244601,73.65717793
g1,8015,11,13.5143827,1262.8332,21.61523201,94.60385081,1.295291812,1.228580245,3.219640364,1.965021092,20.94667288,8.600350074,14.76257152,10.15378582,21.78315741,10.15378582,5.200463131,2.359762613,22.86829827,94.60385081,93.77520637,88.22457945,62.49068699,22.44166699,94.60385081
g1,8015,12,14.76240152,1254.918821,24.64315029,117.204207,1.248018818,1.230200126,3.027918281,2.053595858,22.60035615,9.767017247,15.8123113,10.86576363,23.06231798,10.86576363,5.582549373,2.332496001,22.86829827,117.204207,115.7358446,109.8051118,81.13145066,35.64602482,117.204207
g1,8015,13,15.95989976,1247.189484,27.46120826,140.9946274,1.197498247,1.227684597,2.818057973,2.112400636,23.79042048,10.84574057,16.74359305,11.49863635,24.2048814,11.49863635,5.920234431,2.304780774,22.86829827,140.9946274,138.8706715,132.1898616,100.5705442,50.47495862,140.9946274
g1,8015,14,17.10494311,1239.650989,30.0626027,165.7266685,1.145043346,1.221781651,2.601394432,2.147328764,24.73204103,11.83761918,17.57189633,12.06180905,25.21628632,12.06180905,6.220312917,2.276850245,22.86829827,165.7266685,163.044846,155.283896,120.835714,66.35949039,165.7266685
g1,8015,15,18.19661499,1232.306311,32.44792491,191.2515261,1.09167188,1.213107666,2.385322217,2.163194994,25.52485758,12.75010174,18.31003553,12.56326443,26.10281369,12.56326443,6.48818554,2.248883006,22.86829827,191.2515261,187.6244494,179.1393412,141.8045,82.88118623,191.2515261
g1,8015,16,19.23478639,1225.156248,34.62274328,217.3140549,1.038171396,1.202174149,2.174818364,2.163921455,26.06252881,13.58212843,18.96880874,13.00989204,26.87132508,13.00989204,6.728218905,2.221017068,22.86829827,217.3140549,212.5956491,203.1000356,163.1141233,99.97419018,217.3140549
g1,8015,17,20.21993473,1218.19991,36.59596194,243.3995742,0.985148342,1.189407925,1.973218665,2.152703644,26.08551931,14.31762201,19.55745598,13.40772365,27.52905135,13.40772365,6.943996109,2.193359835,22.86829827,243.3995742,237.4867683,226.9838626,184.3979362,117.5111956,243.3995742
g1,8015,18,21.15300043,1211.43511,38.37864069,269.5753247,0.933065705,1.175166691,1.782678753,2.132146705,26.17575052,14.97640693,20.08397979,13.76209499,28.08341399,13.76209499,7.138495178,2.165995083,22.86829827,269.5753247,262.0865687,250.7418132,205.5499178,135.0554179,269.5753247
g1,8015,19,22.0352727,1204.858664,39.98312424,295.2935893,0.882272262,1.159751195,1.604483542,2.10437496,25.71826463,15.54176786,20.55537338,14.07775838,28.54187494,14.07775838,7.314218844,2.138987946,22.86829827,295.2935893,286.4504704,273.9047856,226.0553831,152.0348302,295.2935893
g1,8015,20,22.86829827,1198.466633,41.42239584,320.2143128,0.833025574,1.143414914,1.439271602,2.071119792,24.92072353,16.01071564,20.97778804,14.35896414,28.91181316,14.35896414,7.473290805,2.112388612,22.86829827,320.2143128,310.0306159,296.3001993,245.8884107,168.4306141,320.2143128
g1,8015,21,23.65380851,1192.254512,42.70960052,344.1345472,0.785510237,1.126371834,1.287204681,2.033790501,23.92023433,16.38735939,21.35665965,14.60952231,29.20042622,14.60952231,7.617528405,2.086235126,22.86829827,344.1345472,332.6391345,317.7286151,264.837764,184.1569053,344.1345472
g1,8015,22,24.39366098,1186.217383,43.85769875,366.43132,0.739852472,1.108802772,1.148098226,1.993531761,22.29677285,16.65596909,21.69680758,14.83285162,29.41465458,14.83285162,7.748498379,2.060555595,22.86829827,366.43132,353.8787252,338.0846175,283.2563167,200.0306568,366.43132
g1,8015,23,25.08979284,1180.35004,44.87922122,387.8097707,0.696131865,1.090860558,1.021522479,1.951270488,21.37845072,16.86129438,22.00251399,15.03201996,29.56112607,15.03201996,7.867560263,2.035369952,22.86829827,387.8097707,374.0869878,357.3960773,300.4627353,214.5199917,387.8097707
g1,8015,24,25.74418369,1174.647085,45.78610191,407.9495756,0.654390851,1.072674321,0.906880684,1.907754246,20.13980486,16.99789898,22.27758924,15.20977903,29.64611745,15.20977903,7.975900625,2.010691402,22.86829827,407.9495756,393.2546942,375.7635176,317.0596388,228.7990011,407.9495756
g1,8015,25,26.35882611,1169.103007,46.58957115,427.1775339,0.614642413,1.054353044,0.803469242,1.863582846,19.22795828,17.08710136,22.52542672,15.36859466,29.67553062,15.36859466,8.074560386,1.98652761,22.86829827,427.1775339,411.6695396,393.4831712,333.2329528,242.9255195,427.1775339
g1,8015,26,26.93570244,1163.71225,47.30009469,445.0388546,0.576876337,1.035988556,0.710523545,1.819234411,17.86132076,17.11687902,22.7490498,15.51067389,29.65488055,15.51067389,8.16445688,1.962881696,22.86829827,445.0388546,428.8007923,409.965359,348.2708666,256.0426499,445.0388546
g1,8015,27,27.47676675,1158.46926,47.92734715,467.2090616,0.541064308,1.017658028,0.627252456,1.775086932,22.17020699,17.30403932,22.95115245,15.63798942,29.5892928,15.63798942,8.246401831,1.93975307,22.86829827,467.2090616,449.9435395,430.1859029,366.2610124,270.9614827,467.2090616
g1,8015,28,27.98393083,1153.368526,48.48021096,482.4006735,0.507164075,0.999426101,0.552863807,1.731436106,15.19161186,17.22859548,23.1341348,15.75230178,29.48350852,15.75230178,8.32111614,1.917138135,22.86829827,482.4006735,464.5386963,444.2370218,378.947053,281.9389533,482.4006735
g1,8015,29,28.45905366,1148.404614,48.96679379,496.4751554,0.475122835,0.981346678,0.486582836,1.688510131,14.07448186,17.11983294,23.30013456,15.8551797,29.34189494,15.8551797,8.389242167,1.895030878,22.86829827,496.4751554,478.1760851,457.4264212,391.0618912,292.6001794,496.4751554
g1,8015,30,28.90393366,1143.572193,49.39445888,509.503661,0.444879995,0.963464455,0.427665087,1.646481963,13.02850562,16.98345537,23.45105483,15.94801862,29.16846012,15.94801862,8.451353984,1.873423371,22.86829827,509.503661,490.8300551,469.7471414,402.4701275,302.7280103,509.503661
g1,8016,9.5036,12.33,1400,19.16,77.3837607,0,1.297403089,0,2.033927093,0,8.214662183,13.20045174,8.933330325,20.35344585,8.933330325,4.814691331,2.367239214,24.39153267,77.3837607,76.13392291,70.54874071,44.86846401,10.40617925,77.3837607
g1,8016,10,13.03299227,1395.521759,21.90201657,92.46915337,0.702992269,1.303299227,2.742016568,2.190201657,15.08539267,9.246915337,14.13607383,9.64671902,21.099655,9.64671902,5.065765125,2.357824951,24.39153267,92.46915337,91.5649871,85.60051823,58.40772826,18.51413187,92.46915337
g1,8016,11,14.41456217,1386.63488,25.24314365,117.1111649,1.3815699,1.310414743,3.341127079,2.294831241,24.6420115,10.64646953,15.22459395,10.35397756,22.51467104,10.35397756,5.496951437,2.329529273,24.39153267,117.1111649,115.8355295,108.9706648,78.03938431,30.32491728,117.1111649
g1,8016,12,15.74571027,1377.940273,28.38043389,143.9088366,1.331148099,1.312142522,3.137290247,2.365036158,26.79767172,11.99240305,16.19382263,10.98841351,23.78824511,10.98841351,5.875707309,2.301009479,24.39153267,143.9088366,141.9301705,134.0222126,99.17064291,44.87429039,143.9088366
g1,8016,13,17.02297267,1369.448385,31.29820335,171.6235392,1.277262404,1.309459436,2.917769452,2.407554104,27.71470261,13.20181071,17.05854279,11.55717943,24.92473068,11.55717943,6.210578131,2.272447659,24.39153267,171.6235392,168.3116943,159.7439453,121.4626532,61.90171611,171.6235392
g1,8016,14,18.24428621,1361.165623,33.99070953,200.3684873,1.221313534,1.3031633,2.692506189,2.427907824,28.74494808,14.31203481,17.83116375,12.06672338,25.92963126,12.06672338,6.508235863,2.243984539,24.39153267,200.3684873,195.8680688,186.2095888,144.6102165,79.91914407,200.3684873
g1,8016,15,19.40867326,1353.095293,36.45913533,230.8218588,1.164387049,1.29391155,2.468425799,2.430609022,30.45337147,15.38812392,18.52226315,12.52287379,26.80928748,12.52287379,6.773993364,2.215729596,24.39153267,230.8218588,225.1347037,213.9848756,168.9052691,99.07567777,230.8218588
g1,8016,16,20.51599621,1345.238305,38.70950556,261.8801826,1.107322951,1.282249763,2.250370229,2.419344098,31.0583238,16.36751141,19.14098393,12.93092611,27.57062437,12.93092611,7.01215345,2.187768463,24.39153267,261.8801826,254.5590844,242.2063,193.4613235,118.5327618,261.8801826
g1,8016,17,21.56676429,1337.593719,40.75116001,293.0465723,1.050768084,1.268633194,2.041654449,2.397127059,31.16638974,17.23803366,19.69531526,13.29570736,28.22093606,13.29570736,7.22625198,2.160168141,24.39153267,293.0465723,283.997973,270.1830748,218.0581386,138.1946919,293.0465723
g1,8016,18,22.56198057,1330.159165,42.59560553,323.7448453,0.995216275,1.253443365,1.844445514,2.366422529,30.69827305,17.98582474,20.19229358,13.62162287,28.76770251,13.62162287,7.419231273,2.132980737,24.39153267,323.7448453,312.9313914,297.6778878,242.2261825,157.7485827,323.7448453
g1,8016,19,23.5030201,1322.931178,44.25564776,353.4896864,0.941039532,1.237001058,1.660042233,2.329244619,29.74484104,18.60472034,20.63815094,13.9126918,29.21843636,13.9126918,7.593566531,2.106246233,24.39153267,353.4896864,340.7390567,324.2297048,265.6365482,176.9783624,353.4896864
g1,8016,20,24.39153267,1315.90546,45.74473761,382.1285677,0.888512572,1.219576634,1.489089857,2.287236881,28.63888131,19.10642838,21.03842796,14.17257636,29.58055837,14.17257636,7.75135984,2.079994619,24.39153267,382.1285677,367.684307,349.7744959,288.1903586,195.5874103,382.1285677
g1,8016,21,25.22936496,1309.077092,47.07648528,410.0859888,0.837832285,1.201398331,1.331747662,2.241737394,27.95742112,19.52790423,21.39806307,14.40460747,29.86129916,14.40460747,7.894411295,2.054247599,24.39153267,410.0859888,393.972817,374.7136472,310.2001785,213.7572784,410.0859888
g1,8016,22,26.01849826,1302.440699,48.26430561,436.8521047,0.789133302,1.182659012,1.187820331,2.193832073,26.76611584,19.85691385,21.72146492,14.61180829,30.06762431,14.61180829,8.02427367,2.029019974,24.39153267,436.8521047,419.3356257,398.9324398,331.8952698,232.1265168,436.8521047
g1,8016,23,26.76099877,1295.990584,49.32116639,461.8072778,0.74250051,1.163521686,1.056860782,2.144398539,24.9551731,20.07857729,22.01257281,14.7969165,30.20617997,14.7969165,8.142295046,2.004320804,24.39153267,461.8072778,443.1630266,421.8184073,352.61336,249.9890841,461.8072778
g1,8016,24,27.45897794,1289.720843,50.25941659,485.1872996,0.697979169,1.144124081,0.938250197,2.094142358,23.38002185,20.21613748,22.27490813,14.9624055,30.28325577,14.9624055,8.249652488,1.980154378,24.39153267,485.1872996,465.6859151,443.6506351,372.5750152,267.4838063,485.1872996
g1,8016,25,28.11456107,1283.625443,51.09067638,506.8785991,0.655583128,1.124582443,0.831259795,2.043627055,21.69129954,20.27514397,22.51161886,15.11050472,30.30476212,15.11050472,8.347378956,1.956521051,24.39153267,506.8785991,486.5080537,463.6850786,390.7812578,283.2118583,506.8785991
g1,8016,26,28.72986256,1277.698299,51.82577439,527.0774673,0.61530149,1.104994714,0.735098008,1.993299015,20.19886812,20.27221028,22.72551852,15.24321914,30.27621935,15.24321914,8.436385053,1.933417944,24.39153267,527.0774673,506.0514802,482.6692234,408.2542282,298.5813728,527.0774673
g1,8016,27,29.30696661,1271.933328,52.4747204,545.6874504,0.577104059,1.085443208,0.648946014,1.943508163,18.60998314,20.21064631,22.91912073,15.36234773,30.20275613,15.36234773,8.517476769,1.91083955,24.39153267,545.6874504,524.0625869,500.0857306,424.1956341,312.4918276,545.6874504
g1,8016,28,29.84791238,1266.324493,53.04670445,562.8150825,0.540945765,1.065996871,0.571984044,1.894525159,17.1276321,20.10053866,23.09466995,15.46950109,30.08911514,15.46950109,8.59137009,1.888778253,24.39153267,562.8150825,540.5119107,515.9105769,438.5084869,324.7552742,562.8150825
g1,8016,29,30.35468267,1260.865839,53.55011485,578.7401743,0.50677029,1.046713195,0.503410406,1.846555685,15.92509181,19.95655773,23.25416895,15.56611799,29.93966428,15.56611799,8.658703135,1.867224762,24.39153267,578.7401743,556.1822605,531.2800854,452.9361858,337.6835012,578.7401743
g1,8016,30,30.82919567,1255.551524,53.99256966,593.2828078,0.474513005,1.027639856,0.442454811,1.799752322,14.54263353,19.77609359,23.3994036,15.65348097,29.75841184,15.65348097,8.720046304,1.846168492,24.39153267,593.2828078,570.2315053,544.8246951,465.2912626,348.2932206,593.2828078
g1,8017,9.5036,12.82,1375,20.83,87.13098347,0,1.348962498,0,2.211205707,0,9.249377239,13.88827621,9.538421885,20.94539448,9.538421885,4.907595906,2.380082461,25.36086365,87.13098347,86.21270498,80.32563202,53.79344588,15.64221304,87.13098347
g1,8017,10,13.55092951,1370.485844,23.63222909,103.5705772,0.730929513,1.355092951,2.802229086,2.363222909,16.43959372,10.35705772,14.8173359,10.24549021,21.70969839,10.24549021,5.158412123,2.370221515,25.36086365,103.5705772,102.6859671,96.67603848,68.71138971,24.74837716,103.5705772
g1,8017,11,14.98740365,1361.528519,27.04485354,130.277641,1.436474138,1.362491241,3.412624459,2.45862305,26.70706379,11.84342191,15.90318111,10.95017249,23.16405713,10.95017249,5.589546152,2.341194981,25.36086365,130.277641,128.5472136,121.8934021,90.07851557,39.82652192,130.277641
g1,8017,12,16.3714522,1352.766062,30.24822648,159.496842,1.384048551,1.364287683,3.203372939,2.52068554,29.21920105,13.2914035,16.87305289,11.58522782,24.47476317,11.58522782,5.968394664,2.312063604,25.36086365,159.496842,156.8317661,149.0995303,113.3654342,57.14772866,159.496842
g1,8017,13,17.69947361,1344.208939,33.22701476,190.2140223,1.328021412,1.36149797,2.978788274,2.555924212,30.71718025,14.63184787,17.7405603,12.15667819,25.64585704,12.15667819,6.30345234,2.282977889,25.36086365,190.2140223,186.6426363,177.4884468,138.0532689,76.24630824,190.2140223
g1,8017,14,18.96932272,1335.863543,35.97563508,221.1439375,1.269849109,1.354951623,2.748620325,2.56968822,30.92991522,15.79599554,18.51732483,12.6702129,26.68263084,12.6702129,6.60135695,2.254056891,25.36086365,221.1439375,216.2908602,206.1799,163.3141333,96.35589939,221.1439375
g1,8017,15,20.17998306,1327.73314,38.49541516,255.571115,1.210660338,1.345332204,2.519780079,2.566361011,34.42717751,17.03807433,19.2133974,13.13115306,27.59130648,13.13115306,6.867398306,2.225395085,25.36086365,255.571115,248.9926649,237.3354808,190.592457,117.845668,255.571115
g1,8017,16,21.33131155,1319.818581,40.79255943,289.6776262,1.151328486,1.333206972,2.29714427,2.549534964,34.10651121,18.10485164,19.83756751,13.54445374,28.37876667,13.54445374,7.105863577,2.197067531,25.36086365,289.6776262,281.2709094,268.1133367,217.6856113,139.7746283,289.6776262
g1,8017,17,22.42383765,1312.118854,42.8766275,323.7692576,1.092526102,1.319049273,2.084068067,2.522154559,34.09163133,19.04525044,20.39758636,13.91471277,29.05232359,13.91471277,7.320277923,2.169133631,25.36086365,323.7692576,313.2442356,298.735058,244.760532,162.0467315,323.7692576
g1,8017,18,23.45860429,1304.631509,44.75937796,357.1724268,1.034766638,1.303255794,1.882750465,2.486632109,33.40316928,19.8429126,20.90033027,14.24618122,29.61952144,14.24618122,7.513576314,2.141639909,25.36086365,357.1724268,344.7826086,328.6963578,271.2510811,183.9718764,357.1724268
g1,8017,19,24.43704117,1297.352994,46.45388898,389.441932,0.978436886,1.286160062,1.694511019,2.444941525,32.26950515,20.49694379,21.3519242,14.54277515,30.08797159,14.54277515,7.688228912,2.114622163,25.36086365,389.441932,375.2712594,357.6675423,296.9946266,205.4027165,389.441932
g1,8017,20,25.36086365,1290.278923,47.97389427,420.2018635,0.923822479,1.268043183,1.52000529,2.398694714,30.75993151,21.01009318,21.75783829,14.80808889,30.4652183,14.80808889,7.84633437,2.088107183,25.36086365,420.2018635,404.393258,385.4245093,321.7701761,226.3033049,420.2018635
g1,8017,21,26.23199179,1283.404284,49.33328853,450.4442136,0.871128135,1.249142466,1.359394263,2.349204216,30.24235006,21.44972446,22.12296591,15.04540995,30.75863246,15.04540995,7.989690478,2.062114173,25.36086365,450.4442136,433.2034025,413.0563224,346.7440171,247.7404147,450.4442136
g1,8017,22,27.05248562,1276.72361,50.54576625,478.8853932,0.820493831,1.229658437,1.212477712,2.297534829,28.44117963,21.76751787,22.45168843,15.25773522,30.97533039,15.25773522,8.119848513,2.036655942,25.36086365,478.8853932,460.5143514,439.4180668,370.8298616,268.7365698,478.8853932
g1,8017,23,27.82449345,1270.231117,51.62456505,505.5170185,0.772007829,1.209760585,1.078798803,2.244546307,26.63162531,21.9790008,22.74793028,15.44778805,31.12211424,15.44778805,8.238155633,2.011739934,25.36086365,505.5170185,486.1775439,464.2332346,393.5463092,288.6361893,505.5170185
g1,8017,24,28.55021064,1263.920808,52.58229065,530.313801,0.72571719,1.18959211,0.957725599,2.190928777,24.79678246,22.09640837,23.01520662,15.61803584,31.20543094,15.61803584,8.34578839,1.987369103,25.36086365,530.313801,510.1111662,487.4189763,414.7403593,307.180714,530.313801
g1,8017,25,29.23184695,1257.786565,53.43080468,553.3562292,0.68163631,1.169273878,0.848514034,2.137232187,23.04242826,22.13424917,23.2566652,15.77070782,31.23134647,15.77070782,8.443779527,1.963542679,25.36086365,553.3562292,532.4981047,509.1490655,434.7729752,324.8371357,553.3562292
g1,8017,26,29.87160081,1251.82222,54.1811607,574.6802927,0.639753861,1.148907723,0.750356012,2.083890796,21.32406348,22.10308818,23.47512338,15.90781263,31.20553258,15.90781263,8.533039636,1.940256822,25.36086365,574.6802927,553.1619315,529.1141788,453.1098455,340.8028148,574.6802927
g1,8017,27,30.47163925,1246.021608,54.84357635,594.4630307,0.600038445,1.128579232,0.662415656,2.031243569,19.78273802,22.01714929,23.67310128,16.03115553,31.13326357,16.03115553,8.61437484,1.917505193,25.36086365,594.4630307,572.6290199,548.2036116,470.9998069,356.8445565,594.4630307
g1,8017,28,31.03408246,1240.378616,55.4274325,612.6458014,0.562443204,1.108360088,0.583856144,1.979551161,18.18277071,21.88020719,23.85285153,16.14235499,31.01942083,16.14235499,8.688501363,1.895279443,25.36086365,612.6458014,590.3349459,565.4300578,486.8867292,370.7769738,612.6458014
g1,8017,29,31.56099204,1234.887213,55.94129161,629.4319229,0.52690958,1.08831007,0.513859119,1.929010056,16.78612151,21.70454907,24.01638612,16.24285865,30.86850321,16.24285865,8.756057621,1.873569633,25.36086365,629.4319229,606.9311769,581.795218,502.2852199,384.6363716,629.4319229
g1,8017,30,32.05436241,1229.541486,56.3929299,644.7759559,0.493370375,1.068478747,0.451638288,1.87976433,15.34403297,21.49253186,24.16550056,16.33395834,30.68464184,16.33395834,8.817614358,1.852364596,25.36086365,644.7759559,621.8927911,596.3835678,515.770071,396.4210441,644.7759559
g1,8018,9.5036,13.33,1275,19.58,85.86206292,0,1.402626373,0,2.078512134,0,9.114675158,13.98319167,9.745283824,20.90154323,9.745283824,4.78068785,2.397179208,26.36975916,85.86206292,84.68886825,78.49034155,51.74627101,14.07236191,85.86206292
g1,8018,10,14.09000705,1270.618459,22.43700929,103.2767515,0.760007052,1.409000705,2.857009293,2.243700929,17.41468855,10.32767515,14.99443007,10.5315001,21.70937213,10.5315001,5.034853205,2.388671694,26.36975916,103.2767515,102.0976025,95.77764456,67.50561311,23.51973777,103.2767515
g1,8018,11,15.58362642,1261.925983,25.91837198,130.5933536,1.493619365,1.416693311,3.481362683,2.356215634,27.31660211,11.87212305,16.17118991,11.32374408,23.21709232,11.32374408,5.469731892,2.360597988,26.36975916,130.5933536,128.5448038,121.7041584,90.02716785,40.49253336,130.5933536
g1,8018,12,17.02273462,1253.424826,29.18736387,161.1143439,1.439108205,1.418561218,3.268991897,2.432280323,30.52099031,13.42619532,17.21881855,12.03368861,24.57914319,12.03368861,5.851820455,2.332118181,26.36975916,161.1143439,158.2860014,150.1034444,114.6888006,59.40166885,161.1143439
g1,8018,13,18.40358684,1245.125015,32.22761017,194.3715178,1.380852217,1.415660526,3.040246292,2.479046936,33.25717388,14.95165521,18.15359453,12.66992668,25.79913627,12.66992668,6.18972102,2.303454224,26.36975916,194.3715178,190.1998874,180.9152052,141.6061866,80.30883544,194.3715178
g1,8018,14,19.72395257,1237.03262,35.03312633,228.2688059,1.320365727,1.408853755,2.805516166,2.502366167,33.89728817,16.30491471,18.9890803,13.24001698,26.88204573,13.24001698,6.490148318,2.274777292,26.36975916,228.2688059,222.570849,211.9779918,169.2106263,102.4399754,228.2688059
g1,8018,15,20.9827749,1229.150671,37.60514903,262.4466965,1.258822333,1.39885166,2.572022698,2.507009935,34.17789061,17.49644644,19.73677341,13.75067393,27.83386843,13.75067393,6.758448636,2.246220704,26.36975916,262.4466965,254.8664195,243.276738,197.3331616,126.0168229,262.4466965
g1,8018,16,22.17990506,1221.479859,39.94995958,298.798591,1.197130165,1.386244067,2.344810552,2.496872474,36.35189442,18.67491193,20.40657296,14.20792123,28.6613458,14.20792123,6.998951781,2.217889158,26.36975916,298.798591,289.3089527,276.0775457,226.4457507,150.1424385,298.798591
g1,8018,17,23.31589359,1214.019069,42.07729219,334.922852,1.135988529,1.371523153,2.12733261,2.475134835,36.12426108,19.70134424,21.00710456,14.6171989,29.37172316,14.6171989,7.215216005,2.189865125,26.36975916,334.922852,323.5758743,308.6818517,255.4764851,174.3936359,334.922852
g1,8018,18,24.3918249,1206.765795,43.99913811,370.4822699,1.075931302,1.355101383,1.921845923,2.444396562,35.55941782,20.58234833,21.54595002,14.98343748,29.97254186,14.98343748,7.410202605,2.162213387,26.36975916,370.4822699,357.0787265,340.4971292,283.618043,197.6693173,370.4822699
g1,8018,19,25.40918556,1199.716469,45.72884131,403.8277411,1.017360662,1.337325556,1.729703192,2.406781121,33.34547129,21.25409164,22.02981487,15.31111218,30.4714633,15.31111218,7.586403138,2.134984364,26.36975916,403.8277411,389.0074978,371.2878446,311.7123814,222.196857,403.8277411
g1,8018,20,26.36975916,1192.86672,47.28041768,435.7245848,0.960573608,1.318487958,1.551576373,2.364020884,31.89684369,21.78622924,22.46465485,15.60428501,30.87612377,15.60428501,7.745933965,2.108216668,26.36975916,435.7245848,419.6373911,400.847936,338.8536782,246.0492592,435.7245848
g1,8018,21,27.27554216,1186.211576,48.66804888,465.6124529,0.905782998,1.298835341,1.3876312,2.317526137,29.88786811,22.17202157,22.85577479,15.8666398,31.19401824,15.8666398,7.890607762,2.081939114,26.36975916,465.6124529,448.3995834,428.5850574,364.2610582,268.3485181,465.6124529
g1,8018,22,28.12867654,1179.745631,49.90571291,494.1568782,0.853134381,1.278576207,1.237664026,2.268441496,28.54442529,22.46167628,23.20790844,16.1015128,31.43241017,16.1015128,8.021988469,2.056172361,26.36975916,494.1568782,476.1957844,455.7206808,389.5639037,291.0571987,494.1568782
g1,8018,23,28.93139607,1173.463177,51.00692183,521.494674,0.802719529,1.257886786,1.101208925,2.217692254,27.33779576,22.67368148,23.52528449,16.3119204,31.59826428,16.3119204,8.14143414,2.030930273,26.36975916,521.494674,502.752555,481.4781965,413.3347099,312.0928093,521.494674
g1,8018,24,29.68598345,1167.358309,51.98454289,546.9318088,0.754587374,1.236915977,0.977621063,2.166022621,25.43713484,22.78882537,23.81168259,16.50058473,31.69819905,16.50058473,8.250130774,2.006221059,26.36975916,546.9318088,527.4953063,505.5211346,435.5728459,331.7712555,546.9318088
g1,8018,25,30.39473633,1161.425009,52.85068394,570.6052246,0.708752887,1.215789453,0.866141047,2.114027358,23.67341577,22.82420898,24.07048153,16.66995757,31.73845578,16.66995757,8.349119366,1.982048242,26.36975916,570.6052246,550.8390079,528.4620197,457.1811738,351.322269,570.6052246
g1,8018,26,31.05994062,1155.657218,53.61662801,592.4380832,0.665204288,1.194613101,0.765944071,2.062178,21.83285864,22.78608012,24.3047014,16.82224278,31.72488118,16.82224278,8.439317757,1.958411486,26.36975916,592.4380832,572.1850461,549.328974,476.570064,368.5345155,592.4380832
g1,8018,27,31.68384955,1150.048886,54.29280495,612.5502191,0.62390893,1.173475909,0.676176943,2.010844628,20.11213584,22.68704515,24.51704071,16.95941743,31.66292093,16.95941743,8.521538465,1.935307294,26.36975916,612.5502191,591.9097133,568.5978235,494.6344509,384.5958638,612.5502191
g1,8018,28,32.26866764,1144.594019,54.88879044,631.1905435,0.58481809,1.152452416,0.595985485,1.960313944,18.64032441,22.54251941,24.70990943,17.08325155,31.55762185,17.08325155,8.596503374,1.912729618,26.36975916,631.1905435,610.4843756,587.0245301,512.2683829,400.731341,631.1905435
g1,8018,29,32.81653852,1139.286708,55.4133248,648.2170414,0.547870881,1.131604777,0.524534359,1.910804303,17.02649792,22.35231177,24.88545859,17.19532669,31.41364061,17.19532669,8.664855928,1.890670361,26.36975916,648.2170414,627.3266544,603.6385002,527.9698826,414.8784091,648.2170414
g1,8018,30,33.32953596,1134.121164,55.87434575,669.3703919,0.512997434,1.110984532,0.461020951,1.862478192,21.15335052,22.3123464,25.04560674,17.29705317,31.23525734,17.29705317,8.727171341,1.869119821,26.36975916,669.3703919,648.4185515,624.4488256,547.3196431,431.5491987,669.3703919
